level,uid_type,parent_code,code,name,description,examples,target_database,status,active,notes
L0,ALL,NULL,shopnet.network,Shopnet Network,The namespace itself - Level 0 contains the entire SND system,shopnet.network domain,shopnet_connect,live,TRUE,Root of all UIDs
L1,sn_,shopnet.network,sn_,Sites/Endpoints,Digital network endpoints and infrastructure,shopnet.network website,shopnet_sites,live,TRUE,Existing - unchanged
L1,sg_,shopnet.network,sg_,Thing,Discoverable entities that humans or agents can find,"iPhone, domain name, article, consulting service",shopnet_things,WIP,TRUE,NEW - replaces external pointers
L1,sc_,shopnet.network,sc_,Location,Physical places on or above Earth (lat/long),Apple Store location,shopnet_locations,WIP,TRUE,NEW - physical world equivalent to sn_
L1,st_,shopnet.network,st_,Transaction (Non-Financial),Non-monetary transactional exchanges,"Email sent, package shipped, receipt issued",shopnet_transactions,WIP,TRUE,NEW - opposite direction to payments
L1,sp_,shopnet.network,sp_,Payment,Financial transactions requiring regulatory separation,Credit card payment,shopnet_payments,WIP,TRUE,Separate from st_ for compliance
L1,sl_,shopnet.network,sl_,List,Collections of UIDs or things owned by users,Wedding gift registry,shopnet_registry,designed,TRUE,Existing - SQL ready
L1,su_,shopnet.network,su_,User,Identity - persons or entities that own data,John Smith or Walmart Inc,shopnet_crm,designed,TRUE,Existing - SQL ready
L1,sa_,shopnet.network,sa_,Agent,Software agents under user direction (First Law),Product Assist chatbot,shopnet_assist,live,TRUE,Existing - 8 agents registered
L1,sv_,shopnet.network,sv_,Activity,Goal-oriented workflow activities,Wedding planning project,shopnet_activities,WIP,TRUE,NEW - project/task management
L2,sn_,sn_,W,Website,Web-accessible sites,shopnet.network console,shopnet_sites,live,TRUE,9 platform types
L2,sn_,sn_,A,Agent Platform,Infrastructure hosting AI agents,Claude agent platform,shopnet_sites,live,TRUE,5 platform types - hosts sa_ agents
L2,sn_,sn_,D,Database,Data storage systems,PostgreSQL RDS instance,shopnet_sites,live,TRUE,5 platform types
L2,sn_,sn_,N,Node,Network service nodes,API Gateway,shopnet_sites,live,TRUE,6 platform types
L2,sn_,sn_,I,Infrastructure,Infrastructure components,Lambda function,shopnet_sites,live,TRUE,10 platform types
L2,sn_,sn_,O,Other,Uncategorized endpoints,Miscellaneous,shopnet_sites,live,TRUE,1 platform type
L2,sn_,W,CO,CloudFront On-Demand,Lambda-backed site that scales to zero,On-demand brochure site,shopnet_sites,live,TRUE,
L2,sn_,W,CP,CloudFront Persistent,nginx on EC2 always running,Persistent website,shopnet_sites,live,TRUE,
L2,sn_,W,WP,WordPress,PHP on EC2 with WordPress,WordPress blog,shopnet_sites,live,TRUE,
L2,sn_,W,SH,Shopify,External Shopify store,E-commerce store,shopnet_sites,live,TRUE,
L2,sn_,W,WW,WooCommerce,WordPress with WooCommerce,WooCommerce store,shopnet_sites,live,TRUE,
L2,sn_,W,CL,Custom Lambda,Custom Lambda function,Custom API,shopnet_sites,live,TRUE,
L2,sn_,W,S3,S3 Static,Static files on S3,Static website,shopnet_sites,live,TRUE,
L2,sn_,W,LM,Lightsail,Amazon Lightsail instance,Lightsail-hosted site,shopnet_sites,live,TRUE,
L2,sn_,W,L3,Layer3 Web3,Lambda@Edge with IP certs for emoji TLDs,Emoji domain site,shopnet_sites,live,TRUE,
L2,sn_,A,CL,Claude Agent Platform,Anthropic Claude-based agent platform,Claude infrastructure,shopnet_sites,live,TRUE,Can host multiple sa_ agents
L2,sn_,A,GP,GPT Agent Platform,OpenAI GPT-based agent platform,GPT infrastructure,shopnet_sites,live,TRUE,Can host multiple sa_ agents
L2,sn_,A,GM,Gemini Agent Platform,Google Gemini-based agent platform,Gemini infrastructure,shopnet_sites,live,TRUE,Can host multiple sa_ agents
L2,sn_,A,CA,Custom Agent Platform,Custom AI agent implementation,Custom agent infra,shopnet_sites,live,TRUE,Can host multiple sa_ agents
L2,sn_,A,OT,Other Agent Platform,Other AI agent platform,Other agent infra,shopnet_sites,live,TRUE,Can host multiple sa_ agents
L2,sn_,D,RD,RDS PostgreSQL,Amazon RDS PostgreSQL database,shopnet_sites database,shopnet_sites,live,TRUE,
L2,sn_,D,DY,DynamoDB,Amazon DynamoDB NoSQL database,User sessions table,shopnet_sites,live,TRUE,
L2,sn_,D,S3,S3 Data Lake,S3 as data store,Backup bucket,shopnet_sites,live,TRUE,
L2,sn_,D,GIT,GitHub Repository,GitHub code repository,GitHub repo,shopnet_sites,live,TRUE,
L2,sn_,D,TPD,Third Party DB API,External database API,External API,shopnet_sites,live,TRUE,
L2,sn_,N,W3G,Web3 Gateway,Web3 domain resolution gateway,Emoji TLD gateway,shopnet_sites,live,TRUE,
L2,sn_,N,API,API Hub,API service endpoint,REST API endpoint,shopnet_sites,live,TRUE,
L2,sn_,N,RDH,Redirect Hub,URL redirect service,Link shortener,shopnet_sites,live,TRUE,
L2,sn_,N,W3S,Web3 DAAS,Web3 decentralized service,IPFS node,shopnet_sites,live,TRUE,
L2,sn_,N,LLM,LLM Service,Large language model service,Ollama server,shopnet_sites,live,TRUE,
L2,sn_,N,OTH,Other Node,Other network node,Custom node,shopnet_sites,live,TRUE,
L2,sn_,I,S3B,S3 Bucket,S3 storage bucket,Asset bucket,shopnet_sites,live,TRUE,
L2,sn_,I,LMB,Lambda Function,Standalone Lambda function,Processing function,shopnet_sites,live,TRUE,
L2,sn_,I,SQS,SQS Queue,Message queue,Job queue,shopnet_sites,live,TRUE,
L2,sn_,I,SNS,SNS Topic,Notification topic,Alert topic,shopnet_sites,live,TRUE,
L2,sn_,I,LS,Lightsail Instance,Amazon Lightsail virtual server,Lightsail VM,shopnet_sites,live,TRUE,
L2,sn_,I,EC2,EC2 Instance,Amazon EC2 instance,EC2 server,shopnet_sites,live,TRUE,
L2,sn_,I,RDS,RDS Instance,Amazon RDS database instance,Database server,shopnet_sites,live,TRUE,
L2,sn_,I,CF,CloudFront Distribution,Amazon CloudFront CDN,CDN distribution,shopnet_sites,live,TRUE,
L2,sn_,I,AGW,API Gateway,AWS API Gateway,API Gateway,shopnet_sites,live,TRUE,
L2,sn_,sn_,U,User Device,"End-user client devices (phones, tablets, laptops, desktops, watches, TVs)","iPhone, Android phone, MacBook, Windows PC",shopnet_sites,WIP,TRUE,"Added Feb 9, 2026 - Moved from Infrastructure. Pulse method: none (pending client app)"
L2,sn_,U,iOS,Apple iOS,Apple iOS ecosystem,"iPhone, iPad",shopnet_sites,WIP,TRUE,iOS devices require Apple Developer account
L2,sn_,U,Android,Google Android,Android ecosystem,"Samsung Galaxy, Google Pixel",shopnet_sites,WIP,TRUE,Android devices use Google Play Services
L2,sn_,U,Windows,Microsoft Windows,Windows OS,"Surface, Dell PC",shopnet_sites,WIP,TRUE,Windows 10/11 desktop and tablet devices
L2,sn_,U,macOS,Apple macOS,Apple desktop/laptop OS,"MacBook, iMac",shopnet_sites,WIP,TRUE,"macOS devices (Ventura, Sonoma, etc.)"
L2,sn_,U,Linux,Linux,Linux distributions,"Ubuntu laptop, Debian desktop",shopnet_sites,WIP,TRUE,Various Linux distributions
L2,sn_,U,ChromeOS,Chrome OS,Google Chrome OS,Chromebook,shopnet_sites,WIP,TRUE,Chrome OS laptops and tablets
L2,sn_,U,Other,Other OS,Other operating systems,Custom OS,shopnet_sites,WIP,TRUE,Other or custom operating systems
L3,sn_,iOS,phone,Smartphone,Mobile phone device,"iPhone 15, iPhone SE",shopnet_sites,WIP,TRUE,
L3,sn_,iOS,tablet,Tablet,Tablet device,"iPad Pro, iPad Air",shopnet_sites,WIP,TRUE,
L3,sn_,iOS,watch,Smartwatch,Wearable watch device,Apple Watch Series 9,shopnet_sites,WIP,TRUE,
L3,sn_,iOS,tv,Smart TV,Television/streaming device,Apple TV 4K,shopnet_sites,WIP,TRUE,
L3,sn_,Android,phone,Smartphone,Mobile phone device,"Samsung Galaxy S24, Pixel 8",shopnet_sites,WIP,TRUE,
L3,sn_,Android,tablet,Tablet,Tablet device,"Samsung Tab S9, Pixel Tablet",shopnet_sites,WIP,TRUE,
L3,sn_,Android,watch,Smartwatch,Wearable watch device,"Samsung Galaxy Watch, Wear OS watch",shopnet_sites,WIP,TRUE,
L3,sn_,Android,tv,Smart TV,Television/streaming device,"Android TV, Google TV",shopnet_sites,WIP,TRUE,
L3,sn_,Windows,laptop,Laptop,Portable computer,"Surface Laptop, Dell XPS",shopnet_sites,WIP,TRUE,
L3,sn_,Windows,desktop,Desktop,Desktop computer,"Dell Desktop, HP Desktop",shopnet_sites,WIP,TRUE,
L3,sn_,Windows,tablet,Tablet,Tablet device,Surface Pro,shopnet_sites,WIP,TRUE,
L3,sn_,macOS,laptop,Laptop,Portable computer,"MacBook Pro, MacBook Air",shopnet_sites,WIP,TRUE,
L3,sn_,macOS,desktop,Desktop,Desktop computer,"iMac, Mac Studio, Mac Pro",shopnet_sites,WIP,TRUE,
L3,sn_,Linux,laptop,Laptop,Portable computer,"Ubuntu laptop, System76",shopnet_sites,WIP,TRUE,
L3,sn_,Linux,desktop,Desktop,Desktop computer,"Debian desktop, Fedora workstation",shopnet_sites,WIP,TRUE,
L3,sn_,ChromeOS,laptop,Laptop,Portable computer,Chromebook,shopnet_sites,WIP,TRUE,
L3,sn_,Other,other,Other,Other form factor,Custom device,shopnet_sites,WIP,TRUE,
L2,sg_,sg_,product,Product,Physical or digital goods for sale,"iPhone 15, software license",shopnet_things,WIP,TRUE,
L2,sg_,sg_,domain,Domain,Internet domain names,cool.shop domain,shopnet_things,WIP,TRUE,
L2,sg_,sg_,information,Information,Knowledge or data,"How to bake bread article, dataset",shopnet_things,WIP,TRUE,
L2,sg_,sg_,service,Service,Professional or technical services,Consulting service,shopnet_things,WIP,TRUE,
L2,sg_,sg_,resource,Resource,Tools and templates,Code template,shopnet_things,WIP,TRUE,
L2,sg_,sg_,concept,Concept,Abstract ideas or categories,Category taxonomy,shopnet_things,WIP,TRUE,
L2,sg_,product,physical_good,Physical Good,Tangible physical product,Furniture,shopnet_things,WIP,TRUE,
L2,sg_,product,digital_good,Digital Good,Downloadable digital product,eBook,shopnet_things,WIP,TRUE,
L2,sg_,product,consumable,Consumable,Use-once or depletable item,Food items,shopnet_things,WIP,TRUE,
L2,sg_,product,service_based,Service-Based Product,Product with service component,Extended warranty,shopnet_things,WIP,TRUE,
L2,sg_,domain,web2,Web2 Domain,Traditional ICANN TLDs,.com domain,shopnet_things,WIP,TRUE,
L2,sg_,domain,web3,Web3 Domain,Blockchain domains,.crypto domain,shopnet_things,WIP,TRUE,
L2,sg_,domain,subdomain,Subdomain,Subdomain namespace,app.example.com,shopnet_things,WIP,TRUE,
L2,sg_,information,document,Document,Structured document,PDF manual,shopnet_things,WIP,TRUE,
L2,sg_,information,data,Data,Raw or structured data,CSV dataset,shopnet_things,WIP,TRUE,
L2,sg_,information,knowledge,Knowledge,How-to or educational content,Tutorial video,shopnet_things,WIP,TRUE,
L2,sg_,information,media,Media,Audio/visual content,Podcast episode,shopnet_things,WIP,TRUE,
L2,sg_,service,professional,Professional Service,Expert services,"Legal, accounting",shopnet_things,WIP,TRUE,
L2,sg_,service,technical,Technical Service,Technical support/maintenance,Web hosting,shopnet_things,WIP,TRUE,
L2,sg_,service,creative,Creative Service,Creative work,"Design, photography",shopnet_things,WIP,TRUE,
L2,sg_,service,manual,Manual Service,Physical labor service,"Cleaning, moving",shopnet_things,WIP,TRUE,
L2,sc_,sc_,store,Store,Retail or commercial location,Apple Store,shopnet_locations,WIP,TRUE,
L2,sc_,sc_,warehouse,Warehouse,Storage and distribution facility,Amazon fulfillment center,shopnet_locations,WIP,TRUE,
L2,sc_,sc_,office,Office,Business workspace,Corporate HQ,shopnet_locations,WIP,TRUE,
L2,sc_,sc_,home,Home,Residential location,Primary residence,shopnet_locations,WIP,TRUE,
L2,sc_,sc_,public_place,Public Place,Publicly accessible location,City park,shopnet_locations,WIP,TRUE,
L2,sc_,sc_,coordinates,Coordinates,Precise lat/long only,GPS waypoint,shopnet_locations,WIP,TRUE,
L2,sc_,store,retail,Retail Store,Customer-facing retail,Walmart store,shopnet_locations,WIP,TRUE,
L2,sc_,store,restaurant,Restaurant,Food service location,Starbucks,shopnet_locations,WIP,TRUE,
L2,sc_,store,service,Service Location,Service business,Bank branch,shopnet_locations,WIP,TRUE,
L2,sc_,warehouse,distribution,Distribution Center,Product distribution,Fulfillment center,shopnet_locations,WIP,TRUE,
L2,sc_,warehouse,storage,Storage Facility,General storage,Self-storage unit,shopnet_locations,WIP,TRUE,
L2,sc_,warehouse,manufacturing,Manufacturing Plant,Production facility,Factory,shopnet_locations,WIP,TRUE,
L2,sc_,office,corporate,Corporate Office,Company headquarters,Regional office,shopnet_locations,WIP,TRUE,
L2,sc_,office,coworking,Coworking Space,Shared workspace,WeWork,shopnet_locations,WIP,TRUE,
L2,sc_,office,home_office,Home Office,Remote work location,Home desk,shopnet_locations,WIP,TRUE,
L2,sc_,public_place,park,Park,Outdoor recreation space,National park,shopnet_locations,WIP,TRUE,
L2,sc_,public_place,venue,Event Venue,Event/gathering space,Stadium,shopnet_locations,WIP,TRUE,
L2,sc_,public_place,transport,Transportation Hub,Transit facility,Airport,shopnet_locations,WIP,TRUE,
L2,st_,st_,message,Message,Communication sent from one party to another,Email message,shopnet_transactions,WIP,TRUE,
L2,st_,st_,receipt,Receipt,Confirmation or acknowledgment,Purchase receipt,shopnet_transactions,WIP,TRUE,
L2,st_,st_,shipment,Shipment,Physical item in transit,Package delivery,shopnet_transactions,WIP,TRUE,
L2,st_,st_,transfer,Transfer,Data or asset transfer,File transfer,shopnet_transactions,WIP,TRUE,
L2,st_,st_,notification,Notification,Alert or update,System notification,shopnet_transactions,WIP,TRUE,
L2,st_,st_,confirmation,Confirmation,Action confirmation,Booking confirmation,shopnet_transactions,WIP,TRUE,
L2,st_,st_,document,Document,Document exchange,Signed contract,shopnet_transactions,WIP,TRUE,
L2,st_,message,email,Email,Email message,Work email,shopnet_transactions,WIP,TRUE,
L2,st_,message,sms,SMS,Text message,SMS notification,shopnet_transactions,WIP,TRUE,
L2,st_,message,chat,Chat Message,Instant message,Slack message,shopnet_transactions,WIP,TRUE,
L2,st_,shipment,package_shipped,Package Shipped,Parcel sent,FedEx shipment,shopnet_transactions,WIP,TRUE,
L2,st_,shipment,in_transit,In Transit,Package moving,En route,shopnet_transactions,WIP,TRUE,
L2,st_,shipment,delivered,Delivered,Package received,Delivered today,shopnet_transactions,WIP,TRUE,
L2,st_,document,contract_signed,Contract Signed,Legal agreement executed,Vendor contract,shopnet_transactions,WIP,TRUE,
L2,st_,document,invoice_issued,Invoice Issued,Bill sent,Invoice #1234,shopnet_transactions,WIP,TRUE,
L2,sp_,sp_,purchase,Purchase,One-time product/service payment,Buy iPhone,shopnet_payments,WIP,TRUE,
L2,sp_,sp_,refund,Refund,Return of previous payment,Return refund,shopnet_payments,WIP,TRUE,
L2,sp_,sp_,subscription,Subscription,Recurring payment,Netflix subscription,shopnet_payments,WIP,TRUE,
L2,sp_,sp_,transfer,Transfer,Peer-to-peer money transfer,Venmo transfer,shopnet_payments,WIP,TRUE,
L2,sp_,sp_,tip,Tip,Gratuity payment,Restaurant tip,shopnet_payments,WIP,TRUE,
L2,sp_,sp_,donation,Donation,Charitable contribution,Charity donation,shopnet_payments,WIP,TRUE,
L2,sp_,sp_,fee,Fee,Service or processing fee,Transaction fee,shopnet_payments,WIP,TRUE,
L2,sp_,purchase,card,Card Payment,Credit/debit card,Visa payment,shopnet_payments,WIP,TRUE,
L2,sp_,purchase,bank,Bank Transfer,ACH or wire transfer,Bank transfer,shopnet_payments,WIP,TRUE,
L2,sp_,purchase,wallet,Digital Wallet,Apple Pay/Google Pay,Apple Pay,shopnet_payments,WIP,TRUE,
L2,sp_,purchase,crypto,Cryptocurrency,Bitcoin/Ethereum payment,Bitcoin payment,shopnet_payments,WIP,TRUE,
L2,sl_,sl_,wishlist,Wishlist,Items desired for future purchase,Shopping wishlist,shopnet_registry,designed,TRUE,
L2,sl_,sl_,registry,Registry,Gift registry for events,Wedding registry,shopnet_registry,designed,TRUE,
L2,sl_,sl_,cart,Cart,Active shopping basket,Shopping cart,shopnet_registry,designed,TRUE,
L2,sl_,sl_,todo,To-Do List,Task list,Work tasks,shopnet_registry,designed,TRUE,
L2,sl_,sl_,reminder,Reminder,Reminder list,Daily reminders,shopnet_registry,designed,TRUE,
L2,sl_,sl_,group,Group,Collection of users,Team members,shopnet_registry,designed,TRUE,No legal authority
L2,sl_,sl_,network,Network,Professional network,LinkedIn connections,shopnet_registry,designed,TRUE,
L2,sl_,sl_,collection,Collection,Curated items,Favorite articles,shopnet_registry,designed,TRUE,
L2,sl_,wishlist,shopping_wishlist,Shopping Wishlist,Products to buy,Amazon wishlist,shopnet_registry,designed,TRUE,
L2,sl_,wishlist,domain_wishlist,Domain Wishlist,Domains to acquire,Domain watchlist,shopnet_registry,designed,TRUE,
L2,sl_,registry,gift_registry,Gift Registry,Wedding/baby registry,Baby shower registry,shopnet_registry,designed,TRUE,
L2,sl_,registry,donation_registry,Donation Registry,Charity fundraiser,Fundraiser list,shopnet_registry,designed,TRUE,
L2,sl_,group,team,Team,Work team,Marketing team,shopnet_registry,designed,TRUE,
L2,sl_,group,social,Social Group,Friend/hobby group,Soccer team,shopnet_registry,designed,TRUE,Walmart soccer team example
L2,sl_,group,family,Family,Family members,Smith family,shopnet_registry,designed,TRUE,
L2,su_,su_,person,Person,Individual human,John Smith,shopnet_crm,designed,TRUE,
L2,su_,su_,company,Company,Legal business entity,Walmart Inc,shopnet_crm,designed,TRUE,Has legal authority
L2,su_,su_,organization,Organization,Non-profit or government entity,Red Cross,shopnet_crm,designed,TRUE,
L2,su_,su_,group_entity,Group Entity,Legal group (trust/estate),Smith Family Trust,shopnet_crm,designed,TRUE,Has legal standing
L2,su_,person,individual,Individual,Standard user account,Regular user,shopnet_crm,designed,TRUE,
L2,su_,person,professional,Professional,Business profile,Consultant profile,shopnet_crm,designed,TRUE,
L2,su_,company,corporation,Corporation,C-corp or S-corp,Apple Inc,shopnet_crm,designed,TRUE,
L2,su_,company,llc,LLC,Limited liability company,Smith LLC,shopnet_crm,designed,TRUE,
L2,su_,company,partnership,Partnership,Business partnership,Law firm,shopnet_crm,designed,TRUE,
L2,su_,company,sole_proprietor,Sole Proprietor,Individual business,Freelancer,shopnet_crm,designed,TRUE,
L2,su_,organization,nonprofit,Nonprofit,501c3 charity,Charity org,shopnet_crm,designed,TRUE,
L2,su_,organization,government,Government,Government entity,City government,shopnet_crm,designed,TRUE,
L2,su_,organization,educational,Educational,School/university,State university,shopnet_crm,designed,TRUE,
L2,sa_,sa_,internal,Internal Agent,Used by Shopnet internally,Content Assist,shopnet_assist,live,TRUE,
L2,sa_,sa_,client,Client Agent,User-facing chatbot,Product Assist,shopnet_assist,live,TRUE,
L2,sa_,internal,code,Code Agent,Generates/reviews code,CTO Assist,shopnet_assist,live,TRUE,
L2,sa_,internal,content,Content Agent,Creates content,Content Assist,shopnet_assist,live,TRUE,
L2,sa_,internal,data,Data Agent,Analyzes data,KPI Assist,shopnet_assist,live,TRUE,
L2,sa_,internal,documents,Document Agent,Handles documents,CAO Assist,shopnet_assist,live,TRUE,
L2,sa_,internal,promotion,Marketing Agent,Marketing tasks,Marketing Assist,shopnet_assist,live,TRUE,Future
L2,sa_,client,chat,Chat Agent,Conversational assistant,Product Assist,shopnet_assist,live,TRUE,
L2,sv_,sv_,campaign,Campaign,Marketing or awareness campaign,Product launch,shopnet_activities,WIP,TRUE,
L2,sv_,sv_,project,Project,Work project with deliverables,Website redesign,shopnet_activities,WIP,TRUE,
L2,sv_,sv_,event,Event,Scheduled occurrence,Wedding event,shopnet_activities,WIP,TRUE,
L2,sv_,sv_,plan,Plan,Strategic plan,Annual plan,shopnet_activities,WIP,TRUE,
L2,sv_,sv_,goal,Goal,Objective to achieve,Revenue goal,shopnet_activities,WIP,TRUE,
L2,sv_,sv_,task,Task,Individual work item,Order cake,shopnet_activities,WIP,TRUE,
L2,sv_,sv_,outcome,Outcome,Result or deliverable,Launch complete,shopnet_activities,WIP,TRUE,
L2,sv_,sv_,sprint,Sprint,Time-boxed iteration,2-week sprint,shopnet_activities,WIP,TRUE,
L2,sv_,sv_,milestone,Milestone,Key project checkpoint,Beta launch,shopnet_activities,WIP,TRUE,
L2,sv_,project,software_development,Software Development,Software project,Build new app,shopnet_activities,WIP,TRUE,
L2,sv_,project,construction,Construction Project,Building project,Build office,shopnet_activities,WIP,TRUE,
L2,sv_,project,event_planning,Event Planning,Plan an event,Wedding planning,shopnet_activities,WIP,TRUE,
L2,sv_,event,meeting,Meeting,Scheduled meeting,Team meeting,shopnet_activities,WIP,TRUE,
L2,sv_,event,conference,Conference,Large gathering,Annual conference,shopnet_activities,WIP,TRUE,
L2,sv_,event,celebration,Celebration,Personal celebration,Birthday party,shopnet_activities,WIP,TRUE,
L2,sv_,task,work_task,Work Task,Business task,Update docs,shopnet_activities,WIP,TRUE,
L2,sv_,task,personal_task,Personal Task,Personal to-do,Buy groceries,shopnet_activities,WIP,TRUE,
L2,sv_,campaign,marketing_campaign,Marketing Campaign,Promotional campaign,Ad campaign,shopnet_activities,WIP,TRUE,
L2,sv_,campaign,sales_campaign,Sales Campaign,Sales initiative,Q1 sales push,shopnet_activities,WIP,TRUE,
L2,sv_,goal,business_goal,Business Goal,Company objective,10% growth,shopnet_activities,WIP,TRUE,
L2,sv_,goal,personal_goal,Personal Goal,Individual goal,Lose 10 lbs,shopnet_activities,WIP,TRUE,
L3,sn_,W,status,Status,Endpoint operational state,"planned, wip, live",shopnet_sites,live,TRUE,
L3,sn_,W,web_protocol,Web Protocol,Web version,"W2 (traditional), W3 (blockchain)",shopnet_sites,live,TRUE,Immutable
L3,sn_,W,runtime,Runtime,Execution environment,"nginx, lambda, php, node, python",shopnet_sites,live,TRUE,
L3,sn_,W,managed_by,Managed By,Management method,"L (Lambda), R (Radius), M (Manual), E (External)",shopnet_sites,live,TRUE,Websites only
L3,sn_,W,persistence,Persistence,Availability model,"P (Persistent), D (On-Demand)",shopnet_sites,live,TRUE,Websites only
L3,sn_,W,website_purpose,Website Purpose,Primary function,"brochure, product_store, domain_store, portal, console",shopnet_sites,live,TRUE,Websites only
L3,sg_,product,physical,Physical,Is it a physical object?,Boolean true/false,shopnet_things,WIP,TRUE,
L3,sg_,product,digital,Digital,Is it a digital object?,Boolean true/false,shopnet_things,WIP,TRUE,
L3,sg_,product,consumable,Consumable,Can it be consumed/used up?,Boolean true/false,shopnet_things,WIP,TRUE,
L3,sg_,ALL,status,Status,Thing availability status,"available, unavailable, discontinued",shopnet_things,WIP,TRUE,
L3,sg_,ALL,external_refs,External References,Pointers to external systems,"ASIN, ISBN, SKU, URL",shopnet_things,WIP,TRUE,JSONB field
L3,sc_,ALL,latitude,Latitude,Geographic latitude,Decimal degrees,shopnet_locations,WIP,TRUE,
L3,sc_,ALL,longitude,Longitude,Geographic longitude,Decimal degrees,shopnet_locations,WIP,TRUE,
L3,sc_,ALL,altitude,Altitude,Height above sea level,Meters (optional),shopnet_locations,WIP,TRUE,
L3,sc_,ALL,address,Address,Structured address,"Street, city, state, zip, country",shopnet_locations,WIP,TRUE,JSONB
L3,sc_,ALL,owner,Owner,Location owner/controller,su_xxxxxxxxxxxx,shopnet_locations,WIP,TRUE,
L3,sc_,ALL,access,Access Level,Who can access,"public, private, restricted",shopnet_locations,WIP,TRUE,
L3,st_,ALL,from_uid,From UID,Transaction originator,Any UID type,shopnet_transactions,WIP,TRUE,
L3,st_,ALL,to_uid,To UID,Transaction recipient,Any UID type,shopnet_transactions,WIP,TRUE,
L3,st_,ALL,status,Status,Transaction state,"pending, in_transit, delivered, failed, cancelled",shopnet_transactions,WIP,TRUE,
L3,st_,ALL,content_type,Content Type,MIME type of content,text/json/pdf/image,shopnet_transactions,WIP,TRUE,
L3,st_,ALL,content,Content,Transaction payload,JSONB or text,shopnet_transactions,WIP,TRUE,
L3,st_,ALL,related_to,Related To,What this is about,Any UID,shopnet_transactions,WIP,TRUE,
L3,st_,ALL,timestamp,Timestamp,When transaction occurred,ISO 8601 datetime,shopnet_transactions,WIP,TRUE,
L3,sp_,ALL,payer_uid,Payer UID,Who is paying,su_xxxxxxxxxxxx (required),shopnet_payments,WIP,TRUE,
L3,sp_,ALL,payee_uid,Payee UID,Who is receiving,su_xxxxxxxxxxxx (required),shopnet_payments,WIP,TRUE,
L3,sp_,ALL,amount,Amount,Payment amount,Decimal,shopnet_payments,WIP,TRUE,
L3,sp_,ALL,currency,Currency,Currency code,"USD, EUR, BTC",shopnet_payments,WIP,TRUE,
L3,sp_,ALL,status,Status,Payment state,"pending, authorized, captured, failed, refunded",shopnet_payments,WIP,TRUE,
L3,sp_,ALL,authentication,Authentication,Payment auth data,JSONB (PCI-compliant),shopnet_payments,WIP,TRUE,
L3,sp_,ALL,related_to,Related To,What this payment is for,Any UID,shopnet_payments,WIP,TRUE,
L3,sp_,ALL,processor,Processor,Payment processor,"stripe, paypal, square",shopnet_payments,WIP,TRUE,
L3,sp_,ALL,timestamp,Timestamp,When payment occurred,ISO 8601 datetime,shopnet_payments,WIP,TRUE,
L3,sl_,ALL,owner_uid,Owner UID,List owner,su_xxxxxxxxxxxx or array (required),shopnet_registry,designed,TRUE,
L3,sl_,ALL,name,Name,Display name,String,shopnet_registry,designed,TRUE,
L3,sl_,ALL,description,Description,List purpose,Text,shopnet_registry,designed,TRUE,
L3,sl_,ALL,items,Items,List contents,JSONB array of UIDs or refs,shopnet_registry,designed,TRUE,
L3,sl_,ALL,item_count,Item Count,Number of items,Integer,shopnet_registry,designed,TRUE,
L3,sl_,ALL,status,Status,List state,"active, archived, deleted",shopnet_registry,designed,TRUE,
L3,sl_,ALL,visibility,Visibility,Access control,"private, shared, public",shopnet_registry,designed,TRUE,
L3,sl_,ALL,shared_with,Shared With,Who has access,Array of su_ UIDs,shopnet_registry,designed,TRUE,
L3,sl_,ALL,related_to,Related To,What this list is for,Any UID (optional),shopnet_registry,designed,TRUE,
L3,su_,ALL,email,Email,Primary email address,String (unique),shopnet_crm,designed,TRUE,
L3,su_,ALL,display_name,Display Name,Public name,String,shopnet_crm,designed,TRUE,
L3,su_,ALL,auth_provider,Auth Provider,Authentication method,"google, apple, microsoft, blockchain",shopnet_crm,designed,TRUE,
L3,su_,ALL,status,Status,Account state,"active, suspended, deleted, deceased",shopnet_crm,designed,TRUE,
L3,su_,ALL,legal_status,Legal Status,Legal entity type,"individual, sole_proprietor, llc, corporation",shopnet_crm,designed,TRUE,
L3,su_,ALL,created_at,Created At,Account creation timestamp,ISO 8601 datetime,shopnet_crm,designed,TRUE,
L3,su_,ALL,verified,Verified,Email/identity verified,Boolean,shopnet_crm,designed,TRUE,
L3,su_,ALL,relationships,Relationships,Links to other su_,JSONB (employer/employee/member_of),shopnet_crm,designed,TRUE,
L3,sa_,ALL,site_uid,Site UID,Agent platform,sn_xxxxxxxxxxxx (required),shopnet_assist,live,TRUE,Which platform hosts this agent
L3,sa_,ALL,controlled_by,Controlled By,User with authority,su_xxxxxxxxxxxx (First Law),shopnet_assist,live,TRUE,
L3,sa_,ALL,agent_id,Agent ID,Human-readable ID,String,shopnet_assist,live,TRUE,
L3,sa_,ALL,display_name,Display Name,Agent name,String,shopnet_assist,live,TRUE,
L3,sa_,ALL,model_tier,Model Tier,LLM tier,"basic, standard, premium",shopnet_assist,live,TRUE,
L3,sa_,ALL,status,Status,Operational state,"live, wip, future, suspended",shopnet_assist,live,TRUE,
L3,sa_,ALL,permissions,Permissions,What agent can do,JSONB,shopnet_assist,live,TRUE,
L3,sa_,ALL,delegations,Delegations,Who delegated to this agent,Array of su_ UIDs,shopnet_assist,live,TRUE,
L3,sv_,ALL,name,Name,Activity name,String,shopnet_activities,WIP,TRUE,
L3,sv_,ALL,description,Description,Activity details,Text,shopnet_activities,WIP,TRUE,
L3,sv_,ALL,owner_uid,Owner UID,Activity owner,su_xxxxxxxxxxxx,shopnet_activities,WIP,TRUE,
L3,sv_,ALL,assigned_to,Assigned To,Responsible party,su_ or sl_ UID,shopnet_activities,WIP,TRUE,
L3,sv_,ALL,parent_uid,Parent UID,Parent activity,sv_xxxxxxxxxxxx (for nested),shopnet_activities,WIP,TRUE,
L3,sv_,ALL,depends_on,Dependencies,Prerequisite activities,Array of sv_ UIDs,shopnet_activities,WIP,TRUE,
L3,sv_,ALL,start_date,Start Date,When it starts,ISO 8601 datetime,shopnet_activities,WIP,TRUE,
L3,sv_,ALL,end_date,End Date,When it ends/due,ISO 8601 datetime,shopnet_activities,WIP,TRUE,
L3,sv_,ALL,duration,Duration,How long it takes,Interval,shopnet_activities,WIP,TRUE,
L3,sv_,ALL,status,Status,Current state,"planned, active, completed, cancelled, blocked",shopnet_activities,WIP,TRUE,
L3,sv_,ALL,related_entities,Related Entities,Links to other UIDs,JSONB (sl_/sg_/sc_/etc),shopnet_activities,WIP,TRUE,
